id,categoria,valor,valor_log
1,A,10.0,2.3978952727983707
2,B,20.0,3.044522437723423
3,A,30.0,3.4339872044851463
4,A,60.0,4.110873864173311
5,B,50.0,3.9318256327243257
6,C,60.0,4.110873864173311
7,B,70.0,4.2626798770413155
8,A,80.0,4.394449154672439
9,C,90.0,4.51085950651685
10,B,100.0,4.61512051684126
